KEY;TYPE;REF;GEOTYPE;VARIANTS;FILES
Acosta, Cristophorus;persName;;;Cristophorus Acosta;
Acosta, Emanuel;persName;http://www.viaf.org/100296856;;Emanuel Acosta;
Acosta, Thomas de S.J.;persName;;;Thomas de Acosta;
Adamus ;persName;;;Adamus|Adamo;
Agnes, Ioseph S.J.;persName;;;Joseph Agnes;
Albertus, Petrus S.J.;persName;;;Fr. Petrus Albertus|fr. Petrus Albertus;
Alexander VII;persName;http://www.viaf.org/89775498;;Alexander VII;
Alexius S.J.;persName;;;Fr. Alexius;
Alfonsus de Lucena S.J.;persName;;;Alfonssus de Lucena|Alfonsus de Lucena;
Aloysius Piñerius;persName;;;Aloysius Piñerius|Aloysius Pinherius;
Aloysius Saxo S.J.;persName;;;Aloysius Saxo|Aloysius Saxo;
Alvares, Antonius;persName;http://www.viaf.org/98621564;;Antonius Álvarez|Antonius Alvares|Antonius Alvarez;
Amacusa, Andrés S.J.;persName;;;Andrés Amacusa;
Amacusa, Paulus;persName;;;Amacusa Paulus;
Ambrosius de Abreu  S.J.;persName;;;Ambrosius de Abreu|Ambrosius de Abreu;
Ambrosius Ferdinandus;persName;;;Ambrosius Ferdinandus;
Andreas de Perusio O.F.M.;persName;http://viaf.org/viaf/316437458;;Andreas de Perusio;
Andreas Lubellus S.J.;persName;;;Andreas Lubellus|Andreas Lubellus|Andrea Lubelli;
Andreas S.J.;persName;;;Fr. Andreas;
Andreuccius de Assisio O.F.M.;persName;;;Andreuccio de Assisio|Andrutius de Asisio;
Antoninus;persName;;;Antoninus;
Antoninus Praenestinus S.J.;persName;;;Antoninus Praenestinus;
Antonius Barbosa S.J.;persName;;;Antonius Barbosa|Antonius Barbosa;
Antonius Cardinius S.J.;persName;;;Antonius Cardinius|Antonius Cardinius;
Antonius Constantinus S.J.;persName;;;Antonius Constantinus;
Antonius de Fontes S.J.;persName;;;Antonius de Fontes|Antonius de Fontes;
Antonius de Porto;persName;;;Antonius de Porto;
Antonius de Sancta Maria;persName;http://www.viaf.org/31140267;;Antonio de S. Maria|Antonii a S. Maria|Antonius de S. Maria|Antonius a S. Maria|Antonius de Sancta Maria|Antonio de S. Maria|Antonio a S. Maria|Antonius de sancta Maria;
Antonius Ferdinandus S.J.;persName;;;Fr. Antonius Ferdinandus|fr. Antonius Ferdinandus;
Antonius Franciscanus;persName;;;Antonium Franciscanum;
Antonius Franciscus de Critana S.J.;persName;;;Antonius Franciscus [de Critana]|Antonius Franciscus de Critana;
Antonius S.J.;persName;;;Fr. Antonius|fr. Antonius;
Aquaviva, Claudius;persName;http://www.viaf.org/233555495;;Aquaviva|Claudio Aquaviva;
Arnoldus de Colonia O.F.M.;persName;;;Arnoldus de Colonia|Arnoldus Alamannus;
Aryes Sanches S.J.;persName;;;Aryes Sanches;
Augustinus de Paschalis O.F.M.;persName;;;Augustino de S. Pascual|Augustini a S. Paschali|Agostino de S. Pasqual|Augustini de S. Pasqual|Augustinus de S. Pasqual O.F.M.|Augustinus a S. Paschali|Augustinus de S. Pasquali Minorita|Augustinus de S. Paschali|Augustinum a S. Pasquali|Augustinus a S. Paschali Paschali|Paschali|Augustinum de S. Pasqual|Augustinus de Paschalis|Augustinus de Paschalis;
Baltazar López de Villa Visoza S.J.;persName;;;Baltazar López de Villa Visoza|Baltazar Lopez;
Balthasar;persName;;;Balthasar;
Balthasar Gago;persName;;;Balthasar Gago|Balthasar Gago;
Balthassar Caldeira S.J.;persName;;;Balthassar Caldeira|Balthassar Caldeira|Balthasar Caldeyra|Balthasar Caldeyra;
Balthassar Citadellius S.J.;persName;;;Balthassar Citadellius|Balthassar Citadellius|Balthasar Cittadelli|Balthasar Cittadelli;
Barnabas de Oliveira S.J.;persName;;;Barnabas de Oliveira;
Barretus, Franciscus;persName;;;;
Barros, Ambrosius de S.J.;persName;;;Ambrosius de Barros;
Bartholameus Redondo;persName;;;Bartholameus Redondo;
Bartholomeus Reoxey S.J.;persName;;;Bartholomeus Reoxey|Bartholomeus Reoxey;
Bartoli, Danielis;persName;http://www.viaf.org/64074445;;Danielis Bartoli;
Basilius;persName;;;Basilium;
Basilius a Glemona;persName;http://www.viaf.org/61957240;;Basilius a Glemona;
Bencomus;persName;;;Bencomus;
Benedictus XIV;persName;http://www.viaf.org/76327169;;Emmanuele d’Azevedo;
Benedictus de Matos S.J.;persName;;;Benedictus de Mattos|Benedictus de Mattos|Benedictus de Matos;
Benedictus Polonus O.F.M.;persName;https://viaf.org/161819465/;;Benedictus Polonus O.F.M.|Benedictus Polonus|Benedictus;
Bernardus ab Incarnatione O.F.M.;persName;;;Bernardus ab Incarnatione|Bernardum de la Encarnacion|Bernardus ab Incarnatione O.F.M.;
Bizarus, Petrus ;persName;http://www.viaf.org/75145542386296641535;;Petrus Bizarus|Bizarus;
Blasius Garcia O.F.M.;persName;;;Bias Garzia|Blas Garzia|Blasio Garzia|Blasio Garcia;
Bonellus, Iohannes Baptista  S.J.;persName;http://www.viaf.org/32241613;;Joannes Baptista Bonellus|Joannes Baptista Bonellus;
Borges, Onufrius S.J.;persName;;;Onufrius Borges|Onufrius Borges;
Borralho, Emanuel S.J.;persName;;;Emanuel Borralho|Emanoel Borralho;
Boym, Michael;persName;http://www.viaf.org/77044131;;Michael Byom|Byom|Michaelis Byom|Michael Boym;
Brancato, Franciscus S.J.;persName;;;Franciscum Brancato|Brancato|Franciscus Brancati|Brancati;
Brandius, Adamus;persName;;;Adamus Brandius;
Brando, Iohannes Baptista S.J.;persName;;;Joannes Baptista Brando|Joannes Baptista Brando;
Cardim, Antonius Franciscus S.J.;persName;http://www.viaf.org/25034699;;Antonius Franciscus Cardim|Antonio Cardim|Antonio Cardim;
Carolus da Rocha S.J.;persName;;;Carolo da Rocha;
Carvalhal,Iorgius S.J.;persName;;;Jorgius Carvalhal;
Carvalho, Franciscus S.J.;persName;;;Franciscus Carvalho;
Carvalho, Casparus S.J.;persName;;;Gaspar Carvalho;
Carvalho, Valentinus ;persName;http://www.viaf.org/35396083;;Valentinus Carvalho;
Carvallius, Dominicus S.J.;persName;;;Dominicus Carvallius|Dominicus Carvallius;
Carvallius, Raphael S.J.;persName;;;Raphael Carvallius|Raphael Carvallius;
Castner, Casparus;persName;http://www.viaf.org/28161598;;Kaspar Castner;
Castro, Iohannes de S.J.;persName;http://www.viaf.org/69120905;;Joannes de Castro;
Catalina de Austria;persName;http://www.viaf.org/32801096;;Catalina de Austria;
Céspedes, Gregorius de S.J.;persName;http://www.viaf.org/231656858;;Gregorius de Céspedes;
Christophorus de Leon S.J.;persName;;;Christophorus de Leon;
Clemens IX;persName;http://www.viaf.org/221148389131610710312;;Clemente Papa IX|Clemens IX, Papa;
Clemens V;persName;https://viaf.org/84532574;;Papam Clementem|Clemente V;
Cleyer, Andreas;persName;http://www.viaf.org/52490540;;Andreas Cleyer;
Cobo, Iohannes;persName;;;Iohannes Cobo;
Coelho, Martinus S.J.;persName;;;Martinus Coelho|Martinus Coelho;
Coelius Casparus S.J.;persName;;;Gaspar Coellius;
Coellius, Petrus S.J.;persName;;;Petrus Coellius;
Colaso, Michael S.J.;persName;;;Michael Colaso;
Colladus, Didacus O.P.;persName;;;Diego Collado|Colladus;
Confucius;persName;http://www.viaf.org/89664672;;Confucio|Confucium|Confucius|Confuciu|Confuci|Confucii;
Conradus, dux Polonorum;persName;;;Conrado duce Polonorum;
Correa, Balthazar;persName;;;Balthazar Correa;
Correa, Dominicus S.J.;persName;;;Dominicus Correa|Dominicus Correa;
Correa, Hieronimus S.J.;persName;;;Hieronimus Correa;
Correa, Iohannes;persName;;;Joannes Correa;
Correa, Lucas;persName;;;Lucas Correa|Lucas Correa;
Cosmus Iohanes;persName;;;Cosmus Iannes|Cosmum Iannem ;
Costa, Bartholomeus da S.J.;persName;;;Bartholomeus da Costa|Bartholomeus da Costa|Bartolomeus da Costa|Bartolomeus da Costa|Bartolomeus da Costa;
Costa, Ignatius da ;persName;;;Ignatius da Costa|Iniatius da Costa|Ignatius de Costa;
Cottinius, Didacus S.J.;persName;;;Didacus Cottinius|Didacus Cottinius;
Crassus, Iohannes Petrus  S.J.;persName;;;Joannes Petrus Crassus;
Criminalis, Antonius S.J.;persName;;;Criminalis|Antonio Criminali|Antonius Criminalis|Antonius Chriminalis;
Cuiuch-Chan;persName;https://viaf.org/14095295;;Kuyuk, magnus Chanus|Cuy[u]cchan|Cuiuch-Chan|Cuiu[c]kan Imperatoris;
Cyngis-Chan;persName;https://viaf.org/100172770/;;Chingis, magnus Chanus|Cyngis-Chan|Chingis|Gengis Khan|Cyngis-Chan;
Loyola, Ignatius de S.J.;persName;http://viaf.org/88881025;;Ignatius de Loyola|Ignatii de Loyola|Ignatio|Ignacio de Loyola|Hignatio de Loiola;
Polanco, Iohannes Alfonsus de S.J.;persName;;;Iohannes de Polanco|Iohannes de Polanco|Juan de Polanco|Juan de Polanco;
Dias, Emmanuel S.J.;persName;;;Emmanuelis Dias|Emmanuele Dias|Emmanuel Dias|Emanuel Dias;
Diaz de Neyra, Dominicus;persName;http://viaf.org/10157340491109920966;;Dominicus Díaz;
Díaz, Alvarus S.J.;persName;;;Alvarus Díaz;
Diaz, Manuel;persName;;;Manuel Dias|Manuel Diaz|Manueli Dias|Manuele Dias|Manuele Diaz;
Didacus Lusitanus;persName;;;magister Didacus Lusitanus;
Didacus S.J.;persName;;;MAGISTRUM Didacum;
Dies, Balthasar;persName;;;Balthasar Dies|Balthasar Dies;
Dominicus;persName;;;Dominicus;
Dominicus Pereyra Lusitanus;persName;;;Dominicus Pereyra Lusitanus;
Egidius de la Mata S.J.;persName;;;Egidius de la Mata;
Emanuel de Azevedo S.J.;persName;;;Emanuelis de Azevedo;
Emmanuel Cardosus;persName;;;Emmanuel Cardosus|Emmanuel Cardosus;
Emmanuel Cortesius S.J.;persName;;;Emmanuel Cortesius;
Emmanuel da Sylva S.J.;persName;;;Emmanuel da Sylva|Emmanuel da Sylva|Emmanuel da Silva|Emmanuel da Silva;
Emmanuel de Miranda S.J.;persName;;;Emmanuel de Miranda|Emmanuel de Miranda;
Emmanuel de Monticulo O.F.M.;persName;;;Emmanuel de Monticulo O.F.M.|Emanuel de Monticulo;
Emmanuel Pachecus S.J.;persName;;;Emmanuel Pachecus|Emmanuel Pachecus;
Fabianus S.J.;persName;;;Fabiannus|Fr. Fabianus|fr. Fabianus;
Fancan Leo S.J.;persName;;;Fancan Leo;
Felix Morelli S.J.;persName;;;Felix Morelli;
Fereira, Antonius S.J.;persName;;;Antonius Fereira|Antonius Fereira|Antonius Ferreyra|Antonius Ferreira;
Ferrari, Franciscus;persName;;;Franciscum Ferrari|Franciscum Ferrari;
Ferreira, Antonius S.J.;persName;;;Antonio Ferreira|Antonio Ferreira;
Ferreira, Emmanuel S.J.;persName;http://www.viaf.org/11311063;;Emmanuel Ferreira|Emmanuel Ferreira;
Figheredo, Emmanuel S.J.;persName;;;Emmanuel Figheredo|Emmanuel Figheredo;
Figueira, Franciscus S.J.;persName;;;Franciscus Figueira|Franciscus Figueira;
Figueredo, Thomas de;persName;;;Thomas de Figueredo|Thomas de Figueredo|Thomas Figueredo|Thomas Figueredo;
Franciscus Petrus a Conceptione O.F.M.;persName;;;Francisco a Conceptione Peris O.F.M.|Francisco della Concepcion|Francisco a Conceptione|Franciscus a Conceptione|Francisco de la Conception;
Franciscus de Mansilla;persName;;;Franciscus de Mansilla;
Franciscus Rodericus;persName;;;Franciscum Rodericum;
Franciscus;persName;;;Franciscus|Francisco;
Franciscus Buzomi S.J.;persName;;;Francisco Buzomi|Francisco Buzomi;
Franciscus Calderón S.J.;persName;;;Franciscus Calderón;
Franciscus Carreón S.J.;persName;;;Franciscus Carreón;
Franciscus de Alexandria O.F.M.;persName;;;Franciscus de Alexandria O.F.M.|Franciscum de Alexandria|Franciscus de Alexandria;
Franciscus de Conceptione;persName;;;Franciscus de Conceptione;
Franciscus de Laguna S.J.;persName;;;Franciscus de Laguna;
Franciscus Episcopus Heliopolitanus;persName;;;Franciscus Episcopus Heliopolitanus|Franciscus Episcopus Heliopolitanus;
Franciscus Ferdinandus;persName;;;Franciscus Ferdinandus;
Franciscus Montefuscolus;persName;;;Franciscus Montefusculus|Franciscus Montefuscoli|Montefusculus|Montefuscoli;
Franciscus de Palude ;persName;;;Franciscus Palude|Franciscum Palude;
Franciscus Passius S.J.;persName;;;Franciscus Passius;
Franciscus Píriz S.J.;persName;;;Franciscus Píriz|Franciscus Píris;
Franciscus Rangel S.J.;persName;;;Franciscus Rangel|Franciscus Rangel|Franciscus Rangelis|Franciscus Rangelus;
Franciscus Rivas S.J.;persName;;;Franciscus Rivas|Franciscus Rivas;
Franciscus S.J.;persName;;;Magistri Francisci|magistro Francisco|Magister Franciscus;
Fróis, Ludovicus  S.J.;persName;http://www.viaf.org/44369221;;Ludovicus Fróes;
Furtado, Franciscus;persName;http://www.viaf.org/61295927;;Franciscus Furtado;
García Garcés S.J.;persName;http://www.viaf.org/70544515;;Garcia Garcés|Garcia Garcés;
Gaspar;persName;;;Gaspar;
Gaspar d’Amaral S.J.;persName;;;Gaspar d’Amaral|Gaspar d’Amaral|Gaspar do Amaral|Gaspare do Amaral|Gaspar do Amaral;
Gaspare Luis;persName;;;Gaspare Luis|Gaspare Luis;
Georgius S.J.;persName;;;Fr. Georgius;
Gerardinus, Iohannes S.J.;persName;;;Joannes Gerardinus;
Gerardus O.F.M.;persName;;;Gerardus O.F.M.|Gerardus Episcopus|Gerardo Episcopo;
Giannus S.J.;persName;;;Fr. Giannus;
Giorgius;persName;;;Giorgius;
Gomes S.J.;persName;;;Gomes;
Gomes, Antonius;persName;;;Antonium Gomes|Antonius Gomes;
Gomezius, Iohannes S.J.;persName;;;Joannes Gomezius;
Gomezius, Petrus;persName;http://www.viaf.org/86578122;;Petrus Gomezius;
Gomesius, Philippus S.J.;persName;;;Phelipus Gomezius;
Gonçalus Cochinum;persName;;;Gonçalus Cochinum;
Gonçalves de Câmara, Ludovicus S.J.;persName;;;Gonçalves de Câmara|Ludovicus Gonçalves de Câmara|Ludovico Gonçalves de Câmara;
Gonçalves, Melchior S.J.;persName;;;Melchiorem Gonsalvum;
Gonçálves, Sebastianus S.J.;persName;;;Sebastianus Gonçálvez|Sebastianus Gonçálve;
Gondisalus Rebello S.J.;persName;;;Gondisalus Rebello;
Gondisalvus Transtorna O.F.M.;persName;;;Gonsalvo Transtorna|Gondisalvus Transtorna O.F.M.;
González, Alfonsus S.J.;persName;;;Alfonsus González|Alfonssus González;
Goveanus Antonius  ;persName;http://www.viaf.org/54576295;;Antonius Govea;
Gregorius de Magalhaens S.J.;persName;;;Gregorius de Magalhaens|Gregorius de Magalhaens;
Gregorius Fluvius Fulvius S.J.;persName;;;Gregorius Fluvius Fulvius|Gregorius Fluvius [Fulvius];
Gregorius XIII;persName;;;Gregorii XIII|Gregorium Decimum Tertium;
Gregorius XIV;persName;;;Gregorius Quartus Decimus|Gregorius Quartus Decimus;
Guanguano;persName;;;Guanguano|Guanguano;
Guansum Chiao;persName;;;Guansum Chiao|Guansum Chiao;
Guantuchianus;persName;;;Guantuchianus|Guantuchianus;
Guglielmus de Mutina;persName;;;Guglielmus de Mutina;
Guicus;persName;;;Guicus|Guicus;
Guignes, Christianus Ludovicus Iosephus de  ;persName;;;Guignes;
Guillelmus de Rubruc O.F.M.;persName;https://viaf.org/56621539;;Guillelmus de Rubruc;
Henríquez, Emmanuel S.J.;persName;;;Emmanuel Henrríquez;
Huanganus;persName;;;Huanganus|Huanganus|Huangani|Huangani|Huanganum|Huanganum|Huanganum;
Hyde, Thomas;persName;http://www.viaf.org/37848733;;Hyde;
Ibañez, Bonaventura, O.F.M. ;persName;;;Bonaventura Ibañez|Fr. Bonaventura Ybañes|Bonaventuram Ibañez|Bonaventura Ybañes;
Ignatius;persName;;;Ignatii|Ignatii|[Ignatius];
Innocentius XI;persName;http://www.viaf.org/305517661;;Innocentius XI|Innocentio Papa XI;
Intorcetta, Prosperus;persName;http://www.viaf.org/45107415;;Prospero Intorcetta|Prosperus Intorcetta|Intorcetta;
Iohannes Maracium S.J.;persName;;;Joannem Maracium;
Iohannes;persName;;;Iohannes|Iohannes;
Iohannes Andreas Lobelli S.J.;persName;;;Joannes Andreas Lobelli|Joannes Andreas Lubelli;
Iohannes Bernardus;persName;;;Joannes Bernardus|Joannes	Bernardus;
Iohannes Cabral S.J.;persName;;;Joanne Cabral|Joanne Cabral|Jo. Cabrai|Joannes Cabral|Joannes Cabral;
Iohannes Cardosus S.J.;persName;;;Joannes Cardosus;
Iohannes de las Llagas;persName;;;Ioanne de las Llagas;
Iohannes de Milán S.J.;persName;;;Joannes de Milán;
Iohannes III rex Poloniae;persName;;;Rege Joanne III;
Iohannes Maria Leria S.J.;persName;;;Joannes Maria Leria|Joannes Maria Leria;
Iohannes Nicolaus S.J.;persName;;;Joannes Nicolaus;
Iohannes Rodericus;persName;;;Joannes Rodericus;
Iohannes Rodericus Giram S.J.;persName;;;Joannes Rodericus Giram|Joannes Rodericus [Giram];
Iohannes Rodericus Tçuzu S.J.;persName;;;Joannes Rodericus Tçuzu|Joannes Rodericus [Tçuzu]|Joannes Rodericus[Tçuzu];
Iohannes de Bera;persName;;;Iohannes de Bera;
Iohannes de Grimaldi O.F.M.;persName;;;Iohannes de Grimaldi O.F.M.|Iohannes Grimaldi;
Iohannes de Marignollis O.F.M.;persName;http://viaf.org/viaf/90635332;;Iohannes de Marignollis|Iohannes [de Marignolli];
Iohannes de Montecorvino O.F.M.;persName;http://viaf.org/viaf/59876078;;Iohannes de Monte Corvino|Iohannes de Montecorvino|Montecorvino;
Iohannes de Plano Carpini O.F.M.;persName;https://viaf.org/viaf/239502727;;Iohannes de Ordine Minorum fratrum, dictus de Plano Carpini|Iohannes de Plano Carpini|de Plano Carpini;
Iosephus;persName;;;Ioseph;
Iosephus Corina S.J.;persName;;;Joseph Corina|Joseph Corina;
Iosephus de Casanova;persName;;;Ioseph de Casanova|Iosephus de Casanova;
Iosephus Fornaletus S.J.;persName;;;Josephus Fornaletus;
Jacobus de Navaes S.J.;persName;;;Jacobus de Navais|Jacobus de Navaes;
Julius Piannus S.J.;persName;;;Julius Piannus;
Kambaku-dono [Toyotomi Hideyoshi];persName;;;Quambacundono|Kambaku-dono|Toyotomi Hideyoshi|Quambacundonus;
Kircherius, Athanasius;persName;;;Kircherius;
Lambertus de la Motte, Petrus;persName;http://www.viaf.org/2418157643277538590008;;Petrus Lambertus|Lambertus de la Motte, Petrus;
Lambertus, Petrus ;persName;;;Petrum Lambertus;
Lancillottus, Nicolaus S.J.;persName;;;Nicolaus Lancilotus|Lancillottus|Nicolao Lancilotto;
Laurentius de Alexandria vel de Ancona O.F.M.;persName;;;Laurentius de Alexandria;
Laurentius S.J.;persName;;;Fr. Laurentius|fr. Laurentius;
Le Blanc, Philibertus M.E.;persName;;;Philibertus le Blanc|Philiberto Le Blanc|Philibertus Le Blanc;
Licianus;persName;;;Licianus;
Linus S.J.;persName;;;Fr. Linus;
Longobardus, Nicolaus;persName;http://www.viaf.org/76459377;;Nicolaus Longobardus;
López de Castello Branco, Balthazar S..J;persName;;;Balthazar López de Castello Branco;
López, Antonius S.J.;persName;;;Antonius López;
Lopez, Gregorio;persName;;;Gregorio Lopez|Gregorio Lopez;
Lucas Estevan O.F.M.;persName;;;Lucam Esteve|Lucas Estevan|Luca Estevan|Luca Estevan;
Ludovicus de Abreu S.J.;persName;;;Ludovicus d’Abreu;
Ludovicus S.J.;persName;;;Fr. Ludovicus;
Maffeus, Iohannes Petrus ;persName;http://www.viaf.org/95224833;;Iohannes Maffeus|Joannes Maffeus|Iohannes Petrus Maffeus;
Magnus Kaam;persName;https://viaf.org/50027343;;Magnus Kaam|magni Chanis|Imperatore Chaam|dominus Chaam|domini Chanis|Imperator Chaam|magnus Cham|Dominus Chaam|Magnus Chanus|magni Canis|Chaam|Chanem de Cathay|Cothay Canis;
Mahometus;persName;https://viaf.org/97245226;;Machometi|Mahometus;
Maigrot, Carolus;persName;;;Carolum Maigrot|Carolum Maigrot;
Maiorica, Hieronymus S.J.;persName;http://www.viaf.org/42085352;;Hieronymus Maiorica|Hieronymus Maiorica|Majorica, Hieronimus S.J.|Hieronymus Mayorica|Hieronymus Mayorica|HYERONIMO MAYORICA;
Marcus Ferrara S.J.;persName;;;Marcus Ferrara;
Marín, Damianus S.J.;persName;;;Damianus Marín;
Marinus S.J.;persName;;;Fr. Marinus;
Martini, Martinus;persName;http://www.viaf.org/12554068;;Martinus Martino|Martini Martino|Martinus Martini|Martinus Martinius;
Martinus de Loyola;persName;http://www.viaf.org/215405431;;Martinus de Loyola;
Martinus Moan S.J.;persName;;;Martinus Moan|Martinus Moan;
Matthaeus Riccius ;persName;http://www.viaf.org/69722279;;Mattheaeus Riccius|Matthaeo Riccio|Matthaeus Ricci|Matthaeus Riccius;
Mattheus;persName;;;Mattheus;
Matthias de Amaya S.J.;persName;;;Matthias de Amaya|Matthias de Amaya|Matthias d’Amaya|Matthias d’Amaya|Matthias d'Amaya|Matthias d'Amaya;
Matzuda, Michael S.J.;persName;;;Michael Matzuda;
Maya, Mathia de S.J.;persName;;;Mathia de Maya|Mathia de Maya;
Melchior de Mora S.J.;persName;;;Melchior de Mora;
Mencichienus;persName;;;Mencichienus|Mencichienus|;
Mendes, Antonius S.J.;persName;https://www.wikidata.org/wiki/Q611205;;Antonius Mendes|Antonius Mendes|Antonius Méndez;
Mentzelius, Christianus;persName;https://www.wikidata.org/wiki/Q68282;;Christianus Mentzelius;
Mesquita, Petrus S.J.;persName;;;Petrus Mesquita|Petrus Mesquita;
Metellus Sacanus;persName;;;Metellus Sacanus|Metellus Saccanus|Metello Saccano;
Michael Flores O.F.M.;persName;;;Michaelem Florez|Michael Florez|Miguel Florez|Michaeli Florez|Michael Flores;
Michael S.J.;persName;;;fr. Michael|Fr. Michael;
Monterius, Michael S.J.;persName;;;Michael Monterius|Michael Monterius;
Monterus, Iohanes S.J.;persName;;;Jo. Monterus;
Morales, Iohannes Baptista ;persName;;;Ioannem Baptistam|Iohannes Baptista de Morales|Iohannes Baptista|Iohannes Baptista Morales|Iohannes Baptista Morales|Baptista Morales;
Morejón, Petrus S.J.;persName;;;Petrus Morejón|Petrus Morejón|Petro Morejón;
Morera, Christophorus S.J.;persName;;;Christophorus Morera;
Nicolaus de Banzia O.F.M.;persName;;;Nicolaus de Banzia|Nicholaus de Banthra;
Nicolaus de Pistoria O.P.;persName;;;Nicolaus de Pistoria O.P.|Nicholaus de Pistorio;
Nicolaus S.J.;persName;;;Fr. Nicolaus|fr. Nicolaus;
Nobrega, Dominicus S.J.;persName;;;Dominicus Nobrega|Dominicus Nobrega;
Noel, Franciscus;persName;;;Franciscus Noel;
Nogheira, Iohannes S.J.;persName;;;Joannes Nogheira|Joannes Nogheira|Joannes Nogueira|Joannes Nogueira;
Noronha (Loronha), D. Alphonsus;persName;;;Alphonsus Noronha;
Nugueira, Valentinus S.J.;persName;;;Valentinus Nugueira|Valentinus Nugueira;
Nuñez Barreto, Melchior;persName;;;Barreto|Melchor Nunez Barreto|Melchior|Melchor Nuñez Barreto|Magister Melchior|Melchor Nuñez Barreto|Melchior|Melchor Nunes Barreto|Melchiori Nunes|Melchiori Nunes|Melchior Nunes|Melchior Nunes|Melchior Nunes Lusitanus;
Núnez, Georgius ;persName;;;Georgius Núnez|Georgius Núnez|Georgius Nunes;
Núnez, Iohannes S.J.;persName;http://www.viaf.org/77146111;;Joannes Núnez|Joannes Núnez|Joannes Nunes|Joannes Nunes|Joannes Nunius|Joannes Nunius;
Ochoday-Chan;persName;https://viaf.org/4257767/;;Ochoday-Chan|Ogodai, magnus Chanus;
Odoricus de Portu Naonis;persName;http://www.viaf.org/425152636062720050428;;Odoricus de Portu Naonis;
Orelonez de Cavallos ;persName;;;Orelonez de Cavallos;
Oria, Andreas de S.J.;persName;;;Andreas de Oria;
Oria, Franciscus de S.J.;persName;;;Franciscus de Oria;
Otomo Yoshishige;persName;;;Bungi rege|Otomo Yoshishige;
Pallu, Franciscus M.E.;persName;;;Franciscus Pallu|Franciscum Pallu;
Paolinus Minorita;persName;;;Paolinus Minorita|Paolino Minorita;
Papa;persName;;;Summus Pontifex|Papa|domini Pape|Summo Pontifice|Summi Pontificis;
Paschalis de Victoria vel de Hispania O.F.M.;persName;;;Paschalis de Victoria vel de Hispania O.F.M.|Paschalis|Paschalis Hispanus de Victoria;
Pasqualis Fernandez S.J.;persName;;;Pasqualis Fernández|Pasqualis Fernández;
Paulus Reoyn S.J.;persName;;;Paulus Reoyn|Paulus Reoyn;
Paulus S.J.;persName;;;Fr. Paulus;
Peregrinus de Castello O.F.M.;persName;https://www.wikidata.org/wiki/Q64780678;;Peregrinus de Castello;
Pereira, Bartolomeus;persName;https://www.wikidata.org/wiki/Q69441113;;Bartolomeus Pereira;
Pereira, Guilielmus S.J.;persName;;;Guiliermus Pereira;
Pereira, Hector S.J.;persName;;;Hector Pereira|Hector Pereira;
Pereira, Iohannes S.J.;persName;;;Joannes Pereira|Joannes Pereira;
Pereira, Thomas;persName;https://www.wikidata.org/wiki/Q1772304;;Thomas Pereira;
Perera, Jacobus;persName;;;Jacobus Perera;
Pérez, Franciscus S.J.;persName;;;Franciscus Pérez;
Pestana, Adrianus;persName;;;Adrianus Pestana|Adrianus Pestana;
Petro Codarzo;persName;;;Petro Codarzo;
Petro Marchio S.J.;persName;;;Petrus Márquez|Petrus Márquez|Petrus Márquez|Petrus Márquez;
Petrus;persName;;;Petrus;
Petrus Caneveri;persName;;;Petrus Caneveri;
Petrus Chiquan S.J.;persName;;;Petrus Chiquam|Petrus Chiquan;
Petrus de Florentia O.F.M.;persName;;;Petrus de Florentia O.F.M.|Petrus de Florentia;
Petrus de la Piñuela O.F.M.;persName;;;Petrum de la Piñuela;
Petrus de Lucalongo;persName;;;Petrus de Lucalongo;
Petrus Martelli de Provincia O.F.M.;persName;;;Petrus Martelli de Provincia;
Petrus Ramón S.J.;persName;;;Petrus Ramón;
Philippus de Marinis S.J.;persName;;;Philippus de Marinis|Philippus de Marinis|Philippus Marini|Philippus Marini|Philippus Marinus|Philippus Marinus;
Philippus II Rex Hispaniae;persName;https://viaf.org/88888319;;Philippo 2° Rege Hispaniarum|Philippo 2° Rege Hispaniarum;
Pinciunus;persName;;;Pinciunus;
Pincomus;persName;;;Pincomus;
Polancus, Iohannes S.J.;persName;http://www.viaf.org/54197290;;Iohannes Polanco|Polanco;
Polus, Marcus;persName;http://viaf.org/viaf/173430120;;Marcus Polus|Marco Polo;
Publius Ovidius Naso;persName;http://www.viaf.org/88342447;;Ovidius de Ponto|Publius Ovidius Naso;
Quemener, Ludovicus;persName;;;Ludovicum Quemener|Ludovicum Quemener|Ludovicus Quemener|Ludovicus Quemener;
Quimura, Michael S.J.;persName;;;Michael Quimura;
Quimura, Thomas S.J.;persName;;;Thomas Quimura;
Raymundus de Gouvea S.J.;persName;;;Raymundo de Gouvea|Raymundo de Gouvea|Raymundus de Gouvea|Raymundus de Gouvea;
Raymundus Ruphi de Provincia O.F.M.;persName;;;Raymundus Ruphi;
Rhodes, Alexandro S.J.;persName;;;Alexandro Rhodes|Alexander Rhodius|Alexandro Rhodes;
Ribeiro, Belchior S.J.;persName;;;Belchior Ribeiro|Belchior Ribeiro;
Ribeiro, Vincentius S.J.;persName;;;Vincentio Ribeiro|Vincentio Ribeiro;
Ribera, Iohannes de;persName;http://www.viaf.org/25406668;;Ioanni Rivera|Ribera, Iohannes de;
Riberus, Vincentius S.J.;persName;;;Vincentius Riberus|Vincentius Riberus;
Richardus de Burgundia O.F.M.;persName;;;Richardus de Burgundia|Richardus de Burgundia O.F.M.;
Rochus S.J.;persName;;;Rochus;
Rodrigues, Sebastiano;persName;;;Sebastiano Rodrigues;
Rodriguez, Antonius S.J.;persName;;;Antonius Rodríguez|Antonius Rodríguez;
Rodriguez, Iohannes;persName;;;Iohannes Rodriguez;
Rogerius, Michaelis;persName;;;Michealis Rogerius;
Román Taraura;persName;;;Román Taraura|Román Taraura;
Ruan, Georgius;persName;;;Georgius Ruan|Georgius Ruan;
Rubinus, Antonius S.J.;persName;http://www.viaf.org/67637998;;Antonius Rubinus|Antonius Rubinus|Antonio Rubino|Antonio Rubino|Antonius Rubinus|Antonius Rubinus;
Ruidas, Ascanius S.J.;persName;;;Ascanius Ruidas|Ascanius Ruidas;
Sanga, Ignatius S.J.;persName;;;Ignatius Sanga|Ignatius Sanga;
Sebastianus Buguensis S.J.;persName;;;Sebastianus Buguensis;
Sebastianus de Amaya S.J.;persName;;;Sebastianus d’Amaya|Sebastianus d’Amaya|Sebastianus de Amaya|Sebastianus de Amaya;
Sebastianus S.J.;persName;;;Fr. Sebastianus;
Sebastianus, Rex Portugaliae;persName;http://www.viaf.org/263888102;;rege Portugaliae, Dom Sebastiano|Sebastianus Rex|Dom Sebastiano|Portugalliae Rex Sebastianus|Portugalliae Rex Sebastianus|Portugalliae Rege|Portugalliae Rex;
Semedo, Alvarus S.J.;persName;;;Alvarus Semedus|Alvari Semedo|Alvarum Semedo|Semedo|Alvarus Semedo;
Simeon;persName;;;Simeon;
Simion;persName;;;Simion fr.|Fr. Simion;
Simõis, Antonius S.J.;persName;;;Antonius Simõis|Antonius Simõis;
Simon S.J.;persName;;;Magister Simon;
Simon S.J.;persName;;;Fr. Simon;
Siqueira, Bartholomeus S.J.;persName;;;Bartholomaeo Siqueira|Bartholomaeo Siqueira;
Siqueira, Gaspar;persName;;;Gaspar Siqueira|Gaspar Siqueira;
Sixtus V;persName;http://www.viaf.org/7525513;;Sixtus V, Papa|Sixti V|Sixtus Quintus Pontifex;
Soares, Michael S.J.;persName;;;Michael Soares;
Sotelus, Ludovicus;persName;http://www.viaf.org/28019171;;Sotelus|Ludovicus Sotelus;
Stephanoni, Iohannes Franciscus S.J.;persName;;;Joannes Franciscus Stephanoni|Joannes Franciscus [Stephanoni];
Stephanus O.F.M.;persName;;;Fr. Stephanus;
Suares, Bartholomeus S.J.;persName;;;Bartholomeus Suárez|Bartholomeus Suárez;
Suares, Didacus S.J.;persName;;;Didacus Suares|Didacus Suares;
Tacata Leo S.J.;persName;;;Tacata Leo;
Tai Jia, Rex;persName;;;Tai hia;
Taiguanus;persName;;;Taiguanus|Taiguanus|Taiguano|Taiguano|Taiguiani|Taiguiani|Taingous|Taingous|Taiguano|Taiguano;
Taltaus Mieminus;persName;;;Taltaus Mieminus|Taltaus Mieminus;
Tanus, Rex;persName;;;Tanus, Rex|Tani;
Taurinus, Iacobus O.F.M.;persName;;;Iacobum Tarin|Iacobus Tarin|Iacobus Taurinus;
Tavares Bocarro, Manuele;persName;;;Manuele Tavares Bocarro;
Taveira, Franciscus S.J.;persName;Trigautius;;Franciscus Taveira|Franciscus Taveira|Franciscus Taveyra|Francisco Taveira|Francisco Taveira;
Thaedus S.J.;persName;;;Fr. Thaedus;
Timotheus;persName;;;Thimotheo;
Thomas S.J.;persName;;;Fr. Thomas;
Torrente, Stanislaus S.J.;persName;;;Stanislaus Torrente|Stanislaus Torrente;
Torres, Antonius de;persName;;;Antonius de Torres|Antonius de Torres|Antonius Torres|Antonius Torres;
Cosimus de Torres;persName;;;Cosmum de Torres|Cosmum de Torres;
Torres, Iohannes de S.J.;persName;;;Joannes de Torres;
Trigault, Nicolas S.J.;persName;http://www.viaf.org/2477678;;Trigautio|Trigautius|Nicolaus Trigautius|;
Turcotti, Carolus S.I.;persName;;;Turcotti, Carolus S.I.|Carolus Turcottus|Carolo Turcotti|Carlos Turcoti|Turcotti;
Valerius de Ledesma S.J.;persName;;;VALERIUS DE LEDESMA|VALERIUS DE LEDESMA|Valerius de Ledesma|Valerius de Ledesma;
Valguarneira, Thomas S.J.;persName;;;Thomas Valguarneira|Thomas Valguarneira|Thomas Valguarnera|Thomas Valguarnera|Thoma de Valguaneira|Thoma de Valguaneira;
Valignanus, Alexander S.J.;persName;http://www.viaf.org/76359221;;Alessandro Valignano|Alexandro Valignano|Alex. Valig.|Alexander Valignano|Alexander Valignanus;
Varus, Franciscus;persName;;;Franciscus Varo;
Vaz, Mattheus S.J.;persName;;;Mattheus Vaz|Mattheus Vaz|Mattheus Vas;
Ventura de Sarezana O.F.M.;persName;;;Ventura de Sarezana|Ventura de Sarezana O.F.M.;
Vera, Ioannes de ;persName;;;Ioanne de Vera;
Vieyra, Sebastianus S.J.;persName;;;Sebastianus Vieyra|Sebastianus Vieyra;
Villela, Gasparo;persName;;;Gasparo Villela|Gasparo Villela;
Villela, Vicentius S.J.;persName;;;Vicentius Villela;
Vomi, Iohannes S.J.;persName;;;Vomi Joannes;
Vota, Agustinus S.J.;persName;;;Agustinus Vota|Augustinos Vota|Augustinos Vota|Augustinus Vota;
Wen Zhou;persName;http://www.viaf.org/333154076018111860005;;Venguami|Venganus|Venguanum|Wen of Zhou|Venguani;
Xaverius, Franciscus;persName;http://www.viaf.org/51717999;;Franciscus Xabierius|Franciscus Xaverius|Francisci Xabieri|Francisco Xavier|Xaverio|Xaverius|Saverius|Sancti Xaverii;
Yama, Iohannes S.J.;persName;http://www.viaf.org/120872443;;Yama Joannes;
Yesün Temür Khan;persName;;;Imperator|Yesün Temür Khan;
Yquiccuqui, Thomas S.J.;persName;;;Thomas Yquiccuqui;
Yuqui, Didacus S.J.;persName;;;Didacus Yuqui|Didacus Yuqui;
Zeng zi;persName;http://www.viaf.org/103216532;;Zentii|Zeng zi;
Duarte De Sande;persName;;;Duarte De Sande;
Antonius de Almeida S.J.ù;persName;;;Antonius de Almeida;
Lazarus Cattaneus S.J.;persName;;;Lazarus Cattaneus;
Franciscus Petri S.J.;persName;;;Franciscus Petri ;
Iohannes de Rocha S.J.;persName;;;Iohannes de Rocha;
Didacus Pantoia S.J.;persName;;;Didacus de Pantoia|Didacus Pantoia|Didacus de Pantoia;
Bartholomaeus Tedeschi S.J.;persName;;;Bartholomaeus Tedeschi;
Ribeiro, Petrus S.J.;persName;;;Petrus Ribeiro;
Ferreira, Gaspar S.J.;persName;;;Gaspar Ferreira;
Alphonsus Vagnoni S.J;persName;;;Alphonsus Vagnoni;
Felicianus de Sylva S.J.;persName;;;Felicianus de Sylva;
Hieronymus Rodriguez S.J.;persName;;;Hieronymus Rodriguez;
Sebastianus de Ursis S.J.;persName;;;Sebastianus de Ursis;
Dias, Emanuel iunior S.J.;persName;;;Emanuel Dias iunior;
Franciscus Sambiasius S.J.;persName;;;Franciscus Sambiasius|Franciscus Sambiasi;
Iulius Aleni S.J.;persName;;;Iulio Aleni|Iulius Aleni;
Petrus Spira S.J.;persName;;;Petrus Spira ;
Iohannes Uremon S.J.;persName;;;Iohannes Uremon;
Iohannes Terentius S.J.;persName;;;Iohannes Terentius;
Iohannes Adamus Schal à Bell S.J.;persName;;;Iohannes Adamus Schal à Bell|oannes Adamus Schal à Bell|Iohannes Adamus Schall|Ioannis Adami;
Iacobus Rho S.J.;persName;;;Iacobus Rho;
Figueredo, Rodericus de S.J.;persName;;;Rodericus de Figueredo;
Froes, Iohannes S.J. ;persName;;;Iohannes Froes;
Andreas Rodomina S.J.;persName;;;Andreas Rodomina;
Simon de Cuhna S.J.;persName;;;Simon de Cuhna S.J.;
Tranquillus Grasetti S.J.;persName;;;Tranquillus Grasetti;
Stephanus Faber S.J.;persName;;;Stephanus Faber S.J.;
Petrus Canevari S.J.;persName;;;Petrus Canevari;
Trigautius, Michaël S.J.;persName;;;Michaël Trigautius;
Todeschino, Augustinus S. J.;persName;;;Augustinus Todeschino;
Antonius de Gouea S.J.;persName;;;Antonius de Gouea;
Iohannes Monteiro S.J.;persName;;;Iohannes Monteiro;
Ludovicus Buglio S.J.;persName;;;Ludovicus Buglio;
Michael Valta  S.J.;persName;;;Michael Valta;
Nicolaus Viva  S.J.;persName;;;Nicolaus Viva;
Gabriel de Magalhoes  S.J.;persName;;;Gabriel de Magalhoes;
Iosephus de Almeida S.J.;persName;;;Iosephus de Almeida;
Franciscus Ferraris S.J.;persName;;;Franciscus Ferraris;
Iohannes Nicolaus Smogolecky S.J.;persName;;;Iohannes Nicolaus Smogolecky;
Xavier, Andreas S.J.;persName;;;Andreas Xavier;
Iohannes Valat S.J.;persName;;;Iohannes Valat;
Emanuel Giorgi S.J.;persName;;;Emanuel Giorgi;
Felicianus Pacheco S.J.;persName;;;Felicianus Pacheco;
Bartholomaeus Martinez S.J.;persName;;;Bartholomaeus Martinez;
Lazzarus Cattanaeus S.J.;persName;;;Lazzarus Cattanaeus;
Iohannes Soërius S.J.;persName;;;Iohannes Soërius ;
Iohannes de Rocha S.J.;persName;;;Iohannes de Rocha;
Franciscus Sambiasius S.J.;persName;;;Franciscus Sambiasius;
Hieronymus Natalis S.J.;persName;;;Hieronymi Natalis;
Iohannes Foes S.J.;persName;;;Iohannes Foes;
Alfonsus Pacecus S.J.;persName;;;Alfonsus Pacecus;
Romanus Tamura S.J;persName;;;Romanus Tamora|Romanus Tamura;
Achon;placeName;;;Accon|Achon;ELA_TEI/TESTI DEF/1. SINICA/ELA_2_2_iohannesdemontecorvino_epistula2.xml
Adriaticum;geogName;https://pleiades.stoa.org/places/1004;mare;mare Adriaticum|mare Adriaticum;ELA_TEI/TESTI DEF/1. SINICA/ELA_2_2_paschalisdavictoria_epistola.xml
Aethiopia;placeName;https://pleiades.stoa.org/places/39274;;Ethyopia|Aethiopia|Aethiopiae|Aethiopiae|Ethiopia|Ethiopia;ELA_TEI/TESTI DEF/1. SINICA/ELA_2_2_iohannesdemontecorvino_epistula3.xml
Aiaç;placeName;;;Aiaç|Aiaç;ELA_TEI/TESTI DEF/5. altri_archivi/UNIVE_3_1_polus_milione.xml
Akashi;placeName;https://www.geonames.org/1847966;;Akashi|Acaxi;ELA_TEI/TESTI DEF/3. JAP/ELA_2_2_catalogo_para_claudio_aqua_viva_1588.xml
Almaligh;placeName;;;Almaligh|Amalech|Almalik|Alimali;ELA_TEI/TESTI DEF/1. SINICA/ELA_2_2_martyrium_fr_minorum_almaligh.xml|ELA_TEI/TESTI DEF/1. SINICA/ELA_2_2_paschalisdavictoria_epistola.xml
Anglia;placeName;https://www.geonames.org/6269131;;Anglia|Angliam;ELA_TEI/TESTI DEF/1. SINICA/ELA_2_2_iohannesdemontecorvino_epistula2.xml
Arcinga;placeName;;;Arcinga|Arcinga;ELA_TEI/TESTI DEF/5. altri_archivi/UNIVE_3_1_polus_milione.xml
Arima;placeName;;;Arima|Arimensi|Domus Arimensis|Arimensi Domo;ELA_TEI/TESTI DEF/3. JAP/ELA_2_0_de_ledesma_catalogus_16190220.xml|ELA_TEI/TESTI DEF/3. JAP/ELA_2_2_catalogo_para_claudio_aqua_viva_1588.xml
Armenia;placeName;https://pleiades.stoa.org/places/981507;;Armenia|Armenie|Armenie Maioris|Armenie Minoris;ELA_TEI/TESTI DEF/5. altri_archivi/UNIVE_3_1_polus_milione.xml|ELA_TEI/TESTI DEF/1. SINICA/ELA_2_2_peregrinus_epistolaepiscopizaytunensis.xml
Armenia Maior;placeName;;;Armenia Maior|Armenia Maior;ELA_TEI/TESTI DEF/5. altri_archivi/UNIVE_3_1_polus_milione.xml
Armenia Minor;placeName;;;Armenia Minori|Armenia Minori|Armenia Parva|Armenia Parva;ELA_TEI/TESTI DEF/5. altri_archivi/UNIVE_3_1_polus_milione.xml
Asia;placeName;;;Asyam|Asyam|Asia|Asiam;ELA_TEI/TESTI DEF/1. SINICA/ELA_2_2_paschalisdavictoria_epistola.xml
Asia Media;placeName;;;Asyam Mediam|Asyam Mediam|Asiam Mediam;ELA_TEI/TESTI DEF/5. altri_archivi/UNIVE_3_1_polus_milione.xml
Assisium;placeName;https://pleiades.stoa.org/places/413037;;Assisium|Assisii;ELA_TEI/TESTI DEF/5. altri_archivi/UNIVE_3_1_polus_milione.xml
Atalaya;placeName;;;Atalaya|Atalaya;ELA_TEI/TESTI DEF/3. JAP/ELA_2_2_primus_catalogus_jap_1654.xml
Avenio;placeName;http://pleiades.stoa.org/places/148004;;Avenio|Avinionem;ELA_TEI/TESTI DEF/1. SINICA/ELA_2_2_paschalisdavictoria_epistola.xml
Baicu;placeName;;;Baicu|Baachu;ELA_TEI/TESTI DEF/5. altri_archivi/UNIVE_3_1_polus_milione.xml
Baldach;placeName;;;Baldach|Baldach;ELA_TEI/TESTI DEF/5. altri_archivi/UNIVE_3_1_polus_milione.xml
Barach;placeName;;;Barach|Barach;ELA_TEI/TESTI DEF/3. JAP/ELA_2_2_primus_catalogus_jap_1654.xml
Barcellos;placeName;;;Barcellos|Barcellos;ELA_TEI/TESTI DEF/1. SINICA/ELA_2_2_augustinus_paschalis_responsum_1689113030.xml
Basilitano;placeName;;;Basilitano|Basilitano;ELA_TEI/TESTI DEF/5. altri_archivi/UNIVE_3_1_polus_milione.xml
Baudach;placeName;;;Baudach|Baudach;ELA_TEI/TESTI DEF/3. JAP/ELA_2_2_primus_catalogus_jap_1654.xml
Braccarensis;placeName;;;Braccarensis|Braccarensis;ELA_TEI/TESTI DEF/5. altri_archivi/UNIVE_3_1_polus_milione.xml
Bucharra;placeName;;;Bucharra|Bucharra;ELA_TEI/TESTI DEF/3. JAP/ELA_2_2_catalogo_para_claudio_aqua_viva_1588.xml
Bugen;placeName;;;Bugen;ELA_TEI/TESTI DEF/3. JAP/ELA_2_2_valignanus_catalogus_159301.xml|ELA_TEI/TESTI DEF/3. JAP/ELA_2_0_de_ledesma_catalogus_16190220.xml|ELA_TEI/TESTI DEF/3. JAP/ELA_2_2_catalogo_para_claudio_aqua_viva_1588.xml
Bungo;placeName;;;Bungi|Bungo|Bunguensi|Bunguensi regno|Bungi|Bungi|Residentia Bungensis|Bungensis;
Cambodja;placeName;;;Cambogensis;ELA_TEI/TESTI DEF/3. JAP/ELA_2_2_montefusculus_acta_congregationis_1650.xml|ELA_TEI/TESTI DEF/1. SINICA/ELA_2_2_majorica_indiculus_alphabeticus_1654.xml|ELA_TEI/TESTI DEF/1. SINICA/ELA_2_2_majorica_tertius_catalogus_provinciae_japonicae.xml
Canton;placeName;https://www.geonames.org/5149222;;Cantoni|urbe metropolitana Cantoniensi|Canton|civitatis Cantoniensis|Cantonensi|Cantonensi|Cantonensis|Cantonensis|Guangzhou|provinciae Cantonensis|provinciae Cantonensis|Cantoniensi provincia|provinciae Cantonensis|provinciae Cantonensis|Cantoniensi provincia;ELA_TEI/TESTI DEF/1. SINICA/ELA_2_2_bonaventura_ibanez_epistola_ad_episcopos_tunkinenses_1674.xml|ELA_TEI/TESTI DEF/1. SINICA/ELA_2_2_augustinusapaschali_epistola_16841215.xml|ELA_TEI/TESTI DEF/1. SINICA/ELA_2_2_bonaventura_ibanez_epistola_ad_cardinales_1672.xml
Canzusaensis Residentia;placeName;;;Canzusaensi|Residentia Canzusaensis;ELA_TEI/TESTI DEF/3. JAP/ELA_2_2_valignanus_catalogus_159301.xml
Caspium mare;geogName;https://pleiades.stoa.org/places/884130;;Caspium mare|Caspium mare;ELA_TEI/TESTI DEF/1. SINICA/ELA_2_2_benedictuspolonus_relatio.xml
Cathay;placeName;;;Kathay|Cothay|Cathay;
Cayton;placeName;https://www.geonames.org/1797353/;;Cayton|Zayton|Quanzhou|Dioecesis Zaitonensis|;ELA_TEI/TESTI DEF/1. SINICA/ELA_2_2_paschalisdavictoria_epistola.xml|ELA_TEI/TESTI DEF/1. SINICA/ELA_2_2_iohannesdemontecorvino_epistula3.xml|ELA_TEI/TESTI DEF/1. SINICA/ELA_2_2_iohannesdemontecorvino_epistula2.xml
Changcheu;placeName;;;Changcheu;
Chansi;placeName;;;Xansi|Chansi;
Chantong;placeName;;;Xantung|provincia de Xantung|Chantong|Xantung;ELA_TEI/TESTI DEF/1. SINICA/ELA_2_2_ibanez_brevis_relatio.xml
Chasuin;placeName;;;Chasuin|Chasuin;ELA_TEI/TESTI DEF/1. SINICA/ELA_2_2_augustinusapaschali_epistola_16841215.xml
Chayseria;placeName;;;Chayseria|Chayseria;ELA_TEI/TESTI DEF/1. SINICA/ELA_2_2_augustinusapaschali_epistola_16841215.xml
Chekiang;placeName;;;Chekiang|Chekiang|Tchekiang;ELA_TEI/TESTI DEF/5. altri_archivi/UNIVE_3_1_polus_milione.xml
Chensi;placeName;;;Xensi|Chensi;ELA_TEI/TESTI DEF/1. SINICA/ELA_2_2_augustinus_paschalis_responsum_1689113030.xml|ELA_TEI/TESTI DEF/1. SINICA/ELA_2_2_ibanez_brevis_relatio.xml
Chermam;placeName;;;Chermam|Chermam;ELA_TEI/TESTI DEF/1. SINICA/ELA_2_2_augustinusapaschali_epistola_16841215.xml
Chijiwa;placeName;;;Chijiwa|Chinyivaensem|Ccingiva;ELA_TEI/TESTI DEF/5. altri_archivi/UNIVE_3_1_polus_milione.xml
China;placeName;;;Sinae|Sina|gran China|Chinae|regno sinico|Sinȩ|sinicum regnum|imperii Sinarum|Sinarum interiorem regionem|China|regni sinici|regno Sinarum|Sinis|sinico regno|Sinarum|Sinam|regnum sinicum|Chinan|Cino regno;ELA_TEI/TESTI DEF/3. JAP/ELA_2_2_valignanus_catalogus_159301.xml|ELA_TEI/TESTI DEF/3. JAP/ELA_2_2_catalogo_para_claudio_aqua_viva_1588.xml
Chiuencheu;placeName;;;Chiuencheu|Chiuencheu;ELA_TEI/TESTI DEF/1. SINICA/ELA_2_2_ibanez_brevis_relatio.xml|ELA_TEI/TESTI DEF/3. JAP/ELA_2_2_valignanus_catalogus_159301.xml|ELA_TEI/TESTI DEF/1. SINICA/ELA_2_2_bonaventura_ibanez_epistola_ad_episcopos_tunkinenses_1674.xml|ELA_TEI/TESTI DEF/1. SINICA/ELA_2_2_augustinusapaschali_epistola_16841215.xml|ELA_TEI/TESTI DEF/1. SINICA/ELA_2_2_augustinus_paschalis_responsa_16890315.xml|ELA_TEI/TESTI DEF/1. SINICA/ELA_2_2_augustinus_paschalis_responsum_1689113030.xml|ELA_TEI/TESTI DEF/3. JAP/ELA_2_2_saverius_a_loyola_15480120.xml|ELA_TEI/TESTI DEF/1. SINICA/ELA_2_2_bonaventura_ibanez_epistola_ad_episcopos_tunkinenses_1675.xml|ELA_TEI/TESTI DEF/1. SINICA/ELA_2_2_bonaventura_ibanez_epistola_ad_cardinales_1672.xml
Ciampa;placeName;;;Ciampa|Ciampa;ELA_TEI/TESTI DEF/3. JAP/ELA_2_2_valignanus_catalogus_159301.xml
Çiraç;placeName;;;Çiraç|Çiraç;
Cobinan;placeName;;;Cobinan|Cobinan;
Coccinozu;placeName;;;Coccinozu;ELA_TEI/TESTI DEF/3. JAP/ELA_2_2_primus_catalogus_jap_1654.xml
Cochin;placeName;;;Cochín|Cocini|Cochim|Cochim|Coccicinenses|Coccicinenses|Conchensis|Conchensis|Cocicinae|Cocicinae|Cocicinensis|Cocicinensis|Cocincinensi|Cocincinensi|Cocincinensi|Cocincinensi|Cocinensis|Cocinensis|Cocicinae|Cocicinae|Cocicinensis|Cocicinensis|Cocincinensi|Cocincinensi|Cocincinensi|Cocincinensi|Cocinensis|Cocinensis;ELA_TEI/TESTI DEF/5. altri_archivi/UNIVE_3_1_polus_milione.xml
Colonia;placeName;https://pleiades.stoa.org/places/108751;;Coloniam|Colonia|Colonie|Coloni|Coloni;ELA_TEI/TESTI DEF/5. altri_archivi/UNIVE_3_1_polus_milione.xml
Constantinopolis;placeName;http://pleiades.stoa.org/places/520998;;Constantinopolim|Costantinopolis;ELA_TEI/TESTI DEF/3. JAP/ELA_2_2_catalogo_para_claudio_aqua_viva_1588.xml
Corea ;placeName;;;Corea|Coream|provinciae Coreae;ELA_TEI/TESTI DEF/3. JAP/ELA_2_2_saverius_a_loyola_15480120.xml|ELA_TEI/TESTI DEF/3. JAP/ELA_2_2_saverius_a_loyola_15490114.xml
Cormos;placeName;;;Cormos|Cormos;ELA_TEI/TESTI DEF/1. SINICA/ELA_2_2_iohannesdemontecorvino_epistula2.xml|ELA_TEI/TESTI DEF/1. SINICA/ELA_2_2_benedictuspolonus_relatio.xml
Cortalinum;placeName;;;Cortalinum|Cortalinum;ELA_TEI/TESTI DEF/3. JAP/ELA_2_2_valignanus_catalogus_159301.xml
Coulani;placeName;;;Coulani|Coulani;ELA_TEI/TESTI DEF/1. SINICA/ELA_2_2_augustinusapaschali_epistola_16841215.xml
Cumanie;placeName;https://pleiades.stoa.org/places/863772;;Comaniam|Comania|Cumanie|Comanie;ELA_TEI/TESTI DEF/5. altri_archivi/UNIVE_3_1_polus_milione.xml
Curdistan;placeName;;;Curdistan|Curdistan;ELA_TEI/TESTI DEF/4. PRIMARY/ELA_2_2_valignanus_epistula_de_martirio.xml
Don;geogName;;;Don|Don;ELA_TEI/TESTI DEF/1. SINICA/ELA_2_2_paschalisdavictoria_epistola.xml
Europa;placeName;https://pleiades.stoa.org/places/991376;;Europa|Europȩ|Europe;ELA_TEI/TESTI DEF/3. JAP/ELA_2_2_primus_catalogus_jap_1654.xml
Fokien;placeName;https://www.geonames.org/1811017;;provincȩ Fokien|Fokien|Fokiensi|Fokiensis|Fokiense|Fokiensi|Foukien|Fokiensis;ELA_TEI/TESTI DEF/1. SINICA/ELA_2_2_benedictuspolonus_relatio.xml
Fontanarosa;placeName;;;Fontanarosa|Fontanarosa;ELA_TEI/TESTI DEF/3. JAP/ELA_2_2_catalogo_para_claudio_aqua_viva_1588.xml
Formosa (Tayvuan);placeName;https://www.geonames.org/1668284;;Formosa|Tayvuan|insularum Formosae;
Fugan;placeName;;;Fugan|Fugan;ELA_TEI/TESTI DEF/1. SINICA/ELA_2_2_benedictuspolonus_relatio.xml
Funai;placeName;;;Funay|Funai;
Galatas;placeName;https://www.geonames.org/262143/;;Galatas;ELA_TEI/TESTI DEF/3. JAP/ELA_2_0_de_ledesma_catalogus_16190220.xml
Gallia;placeName;https://pleiades.stoa.org/places/993;;Gallie|Gallia;
Gangis;geogName;;;Gangem|Gangem;ELA_TEI/TESTI DEF/3. JAP/ELA_2_0_de_ledesma_catalogus_16190220.xml|ELA_TEI/TESTI DEF/3. JAP/ELA_2_0_primus_catalogus_provinciae_philippinarum_16210501.xml
Ganhai;placeName;;;Ganhai;ELA_TEI/TESTI DEF/1. SINICA/ELA_2_2_ibanez_brevis_relatio.xml|ELA_TEI/TESTI DEF/1. SINICA/ELA_2_2_augustinusapaschalis_epistola_16891211.xml|ELA_TEI/TESTI DEF/1. SINICA/ELA_2_2_bonaventura_ibanez_epistola_ad_episcopos_tunkinenses_1674.xml|ELA_TEI/TESTI DEF/1. SINICA/ELA_2_2_augustinusapaschali_epistola_16841215.xml|ELA_TEI/TESTI DEF/1. SINICA/ELA_2_2_augustinus_paschalis_responsa_16890315.xml|ELA_TEI/TESTI DEF/1. SINICA/ELA_2_2_augustinus_paschalis_responsum_1689113030.xml
Ganxai;placeName;;;Ganxai;ELA_TEI/TESTI DEF/3. JAP/ELA_2_2_primus_catalogus_jap_1654.xml
Gazari;placeName;;;Gazariam|Gazzariam|Gazari|provincie Gazzarie|Gazaria|Cassaria;
Genua;placeName;https://pleiades.stoa.org/places/383664/;;Ianuensis|Genua|Ianuensium|Genuensis;ELA_TEI/TESTI DEF/1. SINICA/ELA_2_2_ibanez_brevis_relatio.xml
Goa;placeName;;;Gouae|Goa|Goa insula|Goa insula|Goae|Goae|Goam|Goam|Goȩ|Goȩ|Goënse|Goënsis civitas|Goënsis civitas;ELA_TEI/TESTI DEF/3. JAP/ELA_2_2_catalogo_para_claudio_aqua_viva_1588.xml
Graecia;placeName;https://www.geonames.org/390903;;Graeciam|Graecia;ELA_TEI/TESTI DEF/1. SINICA/ELA_2_2_paschalisdavictoria_epistola.xml
Haimuen;geogName;;;Haimuen|Haimuen;ELA_TEI/TESTI DEF/4. PRIMARY/ELA_3_2_valignanus_catechismus.xml
Hainan;placeName;https://www.geonames.org/1809054/;;Hainan|Haynan|Haynanica;ELA_TEI/TESTI DEF/1. SINICA/ELA_2_2_augustinusapaschali_epistola_16841215.xml|ELA_TEI/TESTI DEF/1. SINICA/ELA_2_2_benedictuspolonus_relatio.xml
Hangcheu;placeName;;;Hangcheumo|Hangcheu;ELA_TEI/TESTI DEF/3. JAP/ELA_2_2_cathalogus_domorum_1954.xml
Harima;placeName;;;Arimae|Farimae|Harima;ELA_TEI/TESTI DEF/1. SINICA/ELA_2_2_ibanez_brevis_relatio.xml
Haynanica;placeName;;;Haynanica|Haynanica;ELA_TEI/TESTI DEF/1. SINICA/ELA_2_2_paschalisdavictoria_epistola.xml|ELA_TEI/TESTI DEF/1. SINICA/ELA_2_2_iohannesdemontecorvino_epistula3.xml
Higo;placeName;;;Higo|Fingo;ELA_TEI/TESTI DEF/1. SINICA/ELA_2_2_martyrium_fr_minorum_almaligh.xml|ELA_TEI/TESTI DEF/1. SINICA/ELA_2_2_andreasdeperusia_epistola.xml
Hirado;placeName;;;Hirado|Firandensem|Firando;ELA_TEI/TESTI DEF/2. INDICA/ELA_2_2_lancillottus_epistola_15461105.xml|ELA_TEI/TESTI DEF/4. PRIMARY/ELA_2_2_valignanus_epistula_de_martirio.xml
Hispania;placeName;https://pleiades.stoa.org/places/1027;;Hispania|Hispaniȩ|Hispaniam;ELA_TEI/TESTI DEF/1. SINICA/ELA_2_2_paschalisdavictoria_epistola.xml
Hispaniae provinciae;placeName;;;provinciarum Hispaniae|provinciarum Hispaniae;ELA_TEI/confucioferrero.xml
Hizen;placeName;;;Figen|Hizen;ELA_TEI/TESTI DEF/1. SINICA/ELA_2_2_augustinusapaschali_epistola_16841215.xml
Hoeigan;placeName;;;Hoeigan;ELA_TEI/TESTI DEF/1. SINICA/ELA_2_2_ibanez_brevis_relatio.xml
Honan Jiang Pe;placeName;;;Honnan|Honan;ELA_TEI/TESTI DEF/3. JAP/ELA_2_2_catalogo_para_claudio_aqua_viva_1588.xml
Houkuang;placeName;;;Hukuang|Houkuang;ELA_TEI/TESTI DEF/1. SINICA/ELA_2_2_majorica_indiculus_alphabeticus_1654.xml|ELA_TEI/TESTI DEF/1. SINICA/ELA_2_2_majorica_tertius_catalogus_provinciae_japonicae.xml
Hungaria;placeName;https://www.geonames.org/719819;;Ungariam|Hungaria;ELA_TEI/TESTI DEF/3. JAP/ELA_2_2_primus_catalogus_jap_1654.xml
Ierusalem;placeName;https://pleiades.stoa.org/places/687928;;Ierusalem;ELA_TEI/TESTI DEF/3. JAP/ELA_2_2_catalogo_para_claudio_aqua_viva_1588.xml
India;placeName;https://pleiades.stoa.org/places/50004;;India|Yndie|Yndiam|Yndia|India|Indias|Indie|Provinciam Indicam|Provinciam Indicam;ELA_TEI/TESTI DEF/3. JAP/ELA_2_2_valignanus_catalogus_159301.xml|ELA_TEI/TESTI DEF/3. JAP/ELA_2_2_catalogo_para_claudio_aqua_viva_1588.xml
Indiae Orientalis;placeName;https://pleiades.stoa.org/places/50004;;India Orientali|India Orientali|INDIA Orientali|Indiam orientalem|Indiam Orientalem|India Orientali|India Orientali|INDIA Orientali|Indiam orientalem|Indiam Orientalem|Provinciam Indicam|Provinciam|Indiae|Indiae Indicam|Indica Provincia|Indica Provincia;ELA_TEI/TESTI DEF/1. SINICA/ELA_2_2_bonaventura_ibanez_epistola_ad_cardinales_iulio1672.xml|ELA_TEI/TESTI DEF/1. SINICA/ELA_2_2_ibanez_brevis_relatio.xml|ELA_TEI/TESTI DEF/1. SINICA/ELA_2_2_bonaventura_ibanez_epistola_ad_cardinales_1672.xml
Italia;placeName;;https://pleiades.stoa.org/places/452346;Italia|Italia;ELA_TEI/TESTI DEF/3. JAP/ELA_2_2_lainez_normas_155807.xml
Iyo;placeName;;;regni Yo|Iyo;ELA_TEI/TESTI DEF/1. SINICA/ELA_2_2_ibanez_brevis_relatio.xml
Izumi;placeName;;;Izumi|Ynzumi;ELA_TEI/TESTI DEF/1. SINICA/ELA_2_2_augustinusapaschali_epistola_16841215.xml
Japonia;placeName;;;Japon|Jappon|Japone|Japone|Japonia|Japonia|Japonia|Japonie|Japponiam|Japoniae|Japoniae|Japoniam|Japoniam|Iaponiæ Regnum|Iaponiæ Regnum|Provinciae Japonensis|Provinciae Japonensis|Japonicae|Japponica Provincia|Provincia Japponica Provinciae|Japonicae|Japponica|Provinciae Japponiae|Provinciae Japponiae Viceprovincia|Japonica Viceprovincia|Japponicae Viceprovinciae|Japonicae Viceprovinciae Provinciae|JAPPONICA PROVINCIA|Iaponiam|Iaponiam|JAPPONICA PROVINCIA;ELA_TEI/TESTI DEF/1. SINICA/ELA_2_2_augustinus_paschalis_responsum_1689113030.xml|ELA_TEI/TESTI DEF/1. SINICA/ELA_2_2_augustinusapaschali_epistola_16841215.xml
Karakitai;placeName;;;Karakitai|Karakytai|Kara-Khitai|Nigri Kitai;ELA_TEI/TESTI DEF/1. SINICA/ELA_2_2_benedictuspolonus_relatio.xml
Katsusa;placeName;;;Katsusa|Canzusaensem;ELA_TEI/TESTI DEF/1. SINICA/ELA_2_2_benedictuspolonus_relatio.xml
Khanbaliq;placeName;https://www.geonames.org/1816670/;;Peking|Pacchin|Khanbaliq|Cambalec|Ta Tu|Peking|Yen-King|Cambalieth|Chambaliech|Ga[m]balech|Cambaliensem civitatem|Kambaliensis sedis|Cambaliech;ELA_TEI/confucioferrero.xml
Kiang si;placeName;https://www.geonames.org/1806222;;Kiangsi;ELA_TEI/TESTI DEF/1. SINICA/ELA_2_2_paschalisdavictoria_epistola.xml
Kiovia;placeName;ttps://www.geonames.org/703448;;Kioviam|Kiovia;ELA_TEI/TESTI DEF/3. JAP/ELA_2_2_primus_catalogus_jap_1654.xml|ELA_TEI/TESTI DEF/1. SINICA/ELA_2_2_iohannesdemontecorvino_epistula3.xml|ELA_TEI/TESTI DEF/3. JAP/ELA_2_2_cathalogus_domorum_1954.xml|ELA_TEI/TESTI DEF/1. SINICA/ELA_2_2_iohannesdemontecorvino_epistula2.xml|ELA_TEI/TESTI DEF/2. INDICA/ELA_2_2_ignatius_de_loyola_p_francisco_xaverio_10_oct_1549.xml|ELA_TEI/TESTI DEF/3. JAP/ELA_2_2_valignanus_catalogus_159301.xml|ELA_TEI/TESTI DEF/1. SINICA/ELA_2_2_andreasdeperusia_epistola.xml|ELA_TEI/TESTI DEF/1. SINICA/ELA_2_2_bonaventura_ibanez_epistola_ad_episcopos_tunkinenses_1674.xml|ELA_TEI/TESTI DEF/3. JAP/ELA_2_2_depolanco_anotaciones_sobre_las_misiones_1558.xml|ELA_TEI/TESTI DEF/3. JAP/ELA_2_2_catalogo_para_claudio_aqua_viva_1588.xml
Koga;placeName;;;Koga|Conguensem;ELA_TEI/TESTI DEF/1. SINICA/ELA_2_2_bonaventura_ibanez_epistola_ad_episcopos_tunkinenses_1674.xml
Konoura;placeName;;;Consurensis|Konoura|Connurensem;ELA_TEI/TESTI DEF/3. JAP/ELA_2_2_primus_catalogus_jap_1654.xml
Kouangtong;placeName;;;Kouangtong|civitate Kuangtonensi|Kuangtung;ELA_TEI/TESTI DEF/3. JAP/ELA_2_2_catalogo_para_claudio_aqua_viva_1588.xml
Koueitcheou;placeName;https://www.geonames.org/1809445;;Kueicheu|Koueitcheou;ELA_TEI/TESTI DEF/3. JAP/ELA_2_2_catalogo_para_claudio_aqua_viva_1588.xml
Kuangcheu;placeName;;;Kuangcheu|Kuangcheu;ELA_TEI/TESTI DEF/3. JAP/ELA_2_2_primus_catalogus_jap_1654.xml
Kuangsi;placeName;;;Kuangsi;ELA_TEI/TESTI DEF/1. SINICA/ELA_2_2_benedictuspolonus_relatio.xml
Kuangtung;placeName;;;Kuangtung|Kuangtungnensi|Kuangtungnensi;ELA_TEI/TESTI DEF/3. JAP/ELA_2_2_valignanus_catalogus_159301.xml
Lamego;placeName;;;Lamego|Lamego;ELA_TEI/TESTI DEF/1. SINICA/ELA_2_2_iohannesdemontecorvino_epistula3.xml|ELA_TEI/TESTI DEF/1. SINICA/ELA_2_2_andreasdeperusia_epistola.xml|ELA_TEI/TESTI DEF/1. SINICA/ELA_2_2_peregrinus_epistolaepiscopizaytunensis.xml|ELA_TEI/TESTI DEF/1. SINICA/ELA_2_2_iohannesdemontecorvino_epistula2.xml
Lanki;placeName;;;Lanki;ELA_TEI/TESTI DEF/1. SINICA/ELA_2_2_augustinusapaschali_epistola_16841215.xml
Lisboa;placeName;https://rbms.info/lpn/v/vlysipone/;;Olyssipone|Lisboa;ELA_TEI/TESTI DEF/1. SINICA/ELA_2_2_benedictuspolonus_relatio.xml
Lugdunum;placeName;https://pleiades.stoa.org/places/167717;;Lugdunum|Lugduno;ELA_TEI/TESTI DEF/3. JAP/ELA_2_2_valignanus_catalogus_159301.xml
Lusitania;placeName;https://pleiades.stoa.org/places/981529;;Lusitania|Lusitania|Lucitaniȩ|Lusitaniam|Lusitaniam|Lusitanię regno|Lusitanię regno|Lusitanorum|Lusitanorum|Lusitanos|Lusitanos|Lusitaniȩnatione|Lusitanus|Lucitaniȩ|Lucitaniȩ;ELA_TEI/TESTI DEF/3. JAP/ELA_2_2_valignanus_catalogus_159301.xml
Luzon;geogName;;;Luzon|Luzon;ELA_TEI/TESTI DEF/1. SINICA/ELA_2_2_augustinusapaschali_epistola_16841215.xml
Macassar;placeName;;;Macassariae|Macassariae;
Macaum;placeName;;;COLLEGIO MACAENSI|Collegio Amacusaensi|Collegium Amacaense|Amacai|Macaum|Amaccao|Macan Amacaense|Amacaense|Amacaense|Amacaensi|Amacaensi|Amacaensis|Amacaensis|Amacai|Amacai|Amacaum|Amacaum|Amacusa|Amacusae|Amacusae|Amacusae|Domus Amacusensis|Collegium et Domus probationis Amacusensis|COLLEGIO MACAENSI|Collegio Machaoensi|Collegio Machaoensi|Collegio Machaoensi|Macai|Macai|Machao|Makan|Makau|Macao;
Macazarica;placeName;;;Macazarica|Macazarica;ELA_TEI/TESTI DEF/1. SINICA/ELA_2_2_augustinusapaschali_epistola_16841215.xml
Malaca;placeName;;;Malaca|Malacae|Malacam|Malacam|Malacensi;ELA_TEI/TESTI DEF/1. SINICA/ELA_2_2_ibanez_brevis_relatio.xml
Malucas Insulas;placeName;;;Malucas Insulas|Malucas Insulas|Malucis|Malucis|Maluci;ELA_TEI/TESTI DEF/3. JAP/ELA_2_2_montefusculus_acta_congregationis_1650.xml
Manila;placeName;;;Manilȩ|Manila|Manilae|provincia Manilensi|Manilensis|Manilensem|Manilam|Manillae|Manilensi|Manilano Collegio|Manilano Collegio|Manilano Collegio|Manilano Collegio|Residentia Meacoensis|Meacoensis;ELA_TEI/TESTI DEF/3. JAP/ELA_2_2_primus_catalogus_jap_1654.xml
Maurum mare ;geogName;;;mare Nigrum|mare Nigrum;ELA_TEI/TESTI DEF/3. JAP/ELA_2_2_primus_catalogus_jap_1654.xml
Meacoensis Residentia ;placeName;;;Residentia Meacoensis|Meacoensis;ELA_TEI/TESTI DEF/4. PRIMARY/ELA_3_2_valignanus_catechismus.xml
Medorum Imperium;placeName;;;Medorum|imperio Medorum|imperium Medorum|Imperium Medorum;ELA_TEI/TESTI DEF/1. SINICA/ELA_2_2_ibanez_brevis_relatio.xml
Meridin;placeName;;;Meridin|Meridin;
Miyako;placeName;;;Meacoensi|Miyako|Miaco;ELA_TEI/TESTI DEF/3. JAP/ELA_2_2_depolanco_anotaciones_sobre_las_misiones_1558.xml|ELA_TEI/TESTI DEF/3. JAP/ELA_2_2_cathalogus_domorum_1954.xml
Molina;placeName;;;Molina|Molina;ELA_TEI/TESTI DEF/1. SINICA/ELA_2_2_ibanez_brevis_relatio.xml
Molucas;placeName;;;Islas del Moro|Molucas|Molukas;
Monte Maiore;placeName;;;Monte Maiore|Monte Maiore;
Motina;placeName;;;Motina|Motina;
Mus;placeName;;;Mus|Mus;
Musul;placeName;https://pleiades.stoa.org/places/874609;;Musul|Musul;ELA_TEI/TESTI DEF/3. JAP/ELA_2_2_primus_catalogus_jap_1654.xml
Myòken;placeName;;;Myòken|Meoquen;ELA_TEI/TESTI DEF/1. SINICA/ELA_2_2_majorica_indiculus_alphabeticus_1654.xml|ELA_TEI/TESTI DEF/1. SINICA/ELA_2_2_majorica_tertius_catalogus_provinciae_japonicae.xml
Nagasaqui;placeName;;;Nagasaqui;ELA_TEI/TESTI DEF/3. JAP/ELA_2_2_primus_catalogus_jap_1654.xml
Nagato;placeName;;;Nagàto|Nagato;ELA_TEI/TESTI DEF/3. JAP/ELA_2_2_valignanus_catalogus_159301.xml|ELA_TEI/TESTI DEF/3. JAP/ELA_2_2_cathalogus_domorum_1954.xml
Nangasaci;placeName;;;Nangasaci|Nangasaci|Nangasaqui|domo Nanguaçaquensi|Residentia Nangasaquensis|Nangasaquensi|Domus Nanguasaquensis|Residentia Nangasaquensis|portu Nanguaçaquensi|portu Nanguaçaquensi||Nangasaquensi|Domus Nangasaquensis|Nangasaquensi!Residentia Nangasaquensis|Nangasaquensi;ELA_TEI/TESTI DEF/3. JAP/ELA_2_2_cathalogus_domorum_1954.xml
Nanking;placeName;https://www.geonames.org/1799962/;;Nanking|Nanchin|Nankinensi|Chilenfo;ELA_TEI/TESTI DEF/1. SINICA/ELA_2_2_ibanez_brevis_relatio.xml|ELA_TEI/TESTI DEF/1. SINICA/ELA_2_2_augustinusapaschalis_epistola_16891211.xml|ELA_TEI/TESTI DEF/3. JAP/ELA_2_2_catalogus_provinciae_philippinarum_16180720.xml|ELA_TEI/TESTI DEF/3. JAP/ELA_2_0_de_ledesma_catalogus_16190220.xml|ELA_TEI/TESTI DEF/1. SINICA/ELA_2_2_bonaventura_ibanez_epistola_ad_episcopos_tunkinenses_1674.xml|ELA_TEI/TESTI DEF/1. SINICA/ELA_2_2_augustinusapaschali_epistola_16841215.xml|ELA_TEI/TESTI DEF/1. SINICA/ELA_2_2_bonaventura_ibanez_epistola_ad_cardinales_iulio1672.xml|ELA_TEI/TESTI DEF/1. SINICA/ELA_2_2_augustinus_paschalis_responsum_1689113030.xml|ELA_TEI/TESTI DEF/3. JAP/ELA_2_2_de_ledesma_catalogus_1615.xml|ELA_TEI/TESTI DEF/1. SINICA/ELA_2_2_bonaventura_ibanez_epistola_ad_cardinales_1672.xml
Neapolis ;placeName;;;Neapolitanus|Regno Neapolitano|regno Neapolitan;
Nova Hispania;placeName;;;Novam Hispaniam|Novam Hispaniam;ELA_TEI/TESTI DEF/5. altri_archivi/UNIVE_3_1_polus_milione.xml
Nucina;placeName;;;Nucina|Nucina;ELA_TEI/TESTI DEF/1. SINICA/ELA_2_2_paschalisdavictoria_epistola.xml
Oka-jo;placeName;;;Oka-jo|Voca;ELA_TEI/TESTI DEF/5. altri_archivi/UNIVE_3_1_polus_milione.xml
Omura;placeName;;;Omura|Omurae;ELA_TEI/TESTI DEF/1. SINICA/ELA_2_2_augustinus_paschalis_responsa_16890315.xml
Orna;placeName;;;Ornam|Orna;ELA_TEI/TESTI DEF/3. JAP/ELA_2_2_valignanus_catalogus_159301.xml|ELA_TEI/TESTI DEF/3. JAP/ELA_2_2_catalogo_para_claudio_aqua_viva_1588.xml
Oyano;placeName;;;Oyano|Voyanensis;
Ozaca;placeName;;;Ozaca;ELA_TEI/TESTI DEF/3. JAP/ELA_2_2_depolanco_anotaciones_sobre_las_misiones_1558.xml
Palaestina;placeName;;;prouincia Palestinae|Palestinae|Palestina;ELA_TEI/TESTI DEF/3. JAP/ELA_2_2_saverius_a_loyola_15480120.xml
Paperth;placeName;;;Paperth|Paperth;ELA_TEI/TESTI DEF/3. JAP/ELA_2_2_primus_catalogus_jap_1654.xml
Persae;placeName;https://www.geonames.org/130758;;Persae|provincia Persarum|Persas|Persarum|Persia|Persie|Persya;ELA_TEI/TESTI DEF/3. JAP/ELA_2_0_primus_catalogus_provinciae_philippinarum_16210501.xml
Perusia;placeName;;;Perusini Conventus;ELA_TEI/TESTI DEF/5. altri_archivi/UNIVE_3_1_polus_milione.xml
Philippinas;placeName;;;insulas Philippinas|insulas Philippinas|insulis Philippinis|insulas Philippinas|insulas Philippinas|insulis Philippinis|Philippinis|Philippinis;
Polonia;placeName;https://www.geonames.org/798544/;;Poloniam|Polonia;ELA_TEI/TESTI DEF/3. JAP/ELA_2_2_catalogo_para_claudio_aqua_viva_1588.xml
Pontus;geogName;;;mare Pontum|mare Pontum;ELA_TEI/TESTI DEF/3. JAP/ELA_2_2_primus_catalogus_jap_1654.xml
Portugalliae provinciae;placeName;;;provinciae Portugalliae|provinciae Portugalliae;
Praga;placeName;https://www.geonames.org/3067696;;PRAGAE|PRAGAE;ELA_TEI/TESTI DEF/3. JAP/ELA_2_2_catalogo_para_claudio_aqua_viva_1588.xml
Punicalli;placeName;;;Punicalli|Punicalli;ELA_TEI/TESTI DEF/3. JAP/ELA_2_2_cathalogus_domorum_1954.xml
Quangtung;placeName;;;Quangtung|Quangtung;
Rehno;geogName;;;Rehno|Rehno;
Roma;placeName;https://pleiades.stoa.org/places/423025;;Sedem Apostolicam|S. Sedi|Sedes Apostolica|Sede Apostolica|S. Sedem Apostolicam|Romae|S. Sede|Sedis Apostolicae|Sedemque Apostolicam|Sedis Apostolice romane|S. Sedes|Sedis Apostolicȩ|Sedis Apostolicȩ|Roma|S. Sede Apostolica|S. Sedis|Romam|Sedi Appostolicȩ|Sedi Apostolicae|Sedi Apostolicȩ|ROMÆ|Rome|S. Sedes|Rome|Apostolicae Sedis|Apostolicae Sedis;ELA_TEI/TESTI DEF/3. JAP/ELA_2_2_primus_catalogus_jap_1654.xml
Ruscia;placeName;;;Ruscia|Ruscie;ELA_TEI/TESTI DEF/1. SINICA/ELA_2_2_benedictuspolonus_relatio.xml
Sakai;placeName;;;Sacay|Sakai;ELA_TEI/TESTI DEF/1. SINICA/ELA_2_2_paschalisdavictoria_epistola.xml
Salsetanae regionis;placeName;;;regionis Salsetanae|regionis Salsetanae|Salutiensis|Salutiensis|Salsetanam Regionem|Salsetanam Regionem|Salsetanae|Salsetanae;ELA_TEI/TESTI DEF/1. SINICA/ELA_2_2_bonaventura_ibanez_epistola_ad_cardinales_iulio1672.xml
Sancto Petro de [Torrados];placeName;;;Sancto Petro de [Torrados]|Sancto Petro de [Torrados];ELA_TEI/confucioferrero.xml
Sarai;placeName;;;Saray|Sara|Sarai;ELA_TEI/TESTI DEF/1. SINICA/ELA_2_2_augustinusapaschali_epistola_16841215.xml
Saraichik;placeName;;;Saraichik|Saraschuk;ELA_TEI/TESTI DEF/3. JAP/ELA_2_2_catalogo_para_claudio_aqua_viva_1588.xml
Sclavonia;placeName;;;Sclavoniam|Sclavonia;
Setchoan;placeName;;;Setchoan|Çuchuen;ELA_TEI/TESTI DEF/3. JAP/ELA_2_2_catalogo_para_claudio_aqua_viva_1588.xml
Sevastio;placeName;;;Sevastio|Sevastio;
Shiki;placeName;;;Shiki|Xiquensis;ELA_TEI/TESTI DEF/1. SINICA/ELA_2_2_benedictuspolonus_relatio.xml
Shimabara;placeName;;;Ximabarensem|Shimabara;ELA_TEI/TESTI DEF/3. JAP/ELA_2_2_valignanus_catalogus_159301.xml
Shimo;placeName;;;Ximo|Shimo;ELA_TEI/TESTI DEF/3. JAP/ELA_2_2_catalogo_para_claudio_aqua_viva_1588.xml
Shimonoseki;placeName;;;Ximonoxequi|Shimonoseki;ELA_TEI/TESTI DEF/4. PRIMARY/ELA_3_2_valignanus_catechismus.xml
Siei;placeName;;;Siei|Siei;ELA_TEI/TESTI DEF/5. altri_archivi/UNIVE_3_1_polus_milione.xml
Siguntinae;placeName;;;diaecesis Siguntinae|diaecesis Siguntinae;ELA_TEI/TESTI DEF/1. SINICA/ELA_2_2_paschalisdavictoria_epistola.xml|ELA_TEI/TESTI DEF/5. altri_archivi/UNIVE_3_1_polus_milione.xml|ELA_TEI/TESTI DEF/1. SINICA/ELA_2_2_iohannesdemontecorvino_epistula3.xml
Silan ;placeName;;;residentia Silan|residentia Silan;ELA_TEI/TESTI DEF/1. SINICA/ELA_2_2_andreasdeperusia_epistola.xml
Silangl;placeName;;;domo Silang|domo Silang;ELA_TEI/TESTI DEF/1. SINICA/ELA_2_2_bonaventura_ibanez_epistola_ad_cardinales_iulio1672.xml
Sinae;placeName;;;Sinae|Sinae|Sinarum|Sinarum|Sinarum imperio|Sinarum imperio|Sinarum regno|Sinarum regno|sinico regno|Sinas|Sinas|Sinensis|Sinensis|Sinensi Imperio|Sinensi Imperio|sinico imperio|Viceprovinciae|Synis|Synis|Synas|Synas Sinarum|Viceprovinciae Sinensis|Viceprovinciam Sinensem|regno Sinarum|regno Sinarum;
Soticara;placeName;;;Soticara|Soticara;
Suchuen;placeName;;;Suchuen|Suchuen;ELA_TEI/TESTI DEF/3. JAP/ELA_2_2_lainez_normas_155807.xml|ELA_TEI/TESTI DEF/2. INDICA/ELA_2_2_ignatius_de_loyola_p_francisco_xaverio_10_oct_1549.xml
Sumoto;placeName;;;Sumoto|Sumotensis;
Suolistan;placeName;;;Suolistan|Suolistan;
Suwo;placeName;;;Suvó|Suwo;
Tabriz;placeName;https://pleiades.stoa.org/places/430344981;;Tabrīz|Thaurisium|Thaurisio;ELA_TEI/TESTI DEF/3. JAP/ELA_2_2_depolanco_anotaciones_sobre_las_misiones_1558.xml
Tacazuqui;placeName;;;Tacazuqui;ELA_TEI/TESTI DEF/1. SINICA/ELA_2_2_augustinus_paschalis_responsa_16890315.xml
Tahani;placeName;;;Tahani|Tahani;ELA_TEI/TESTI DEF/1. SINICA/ELA_2_2_benedictuspolonus_relatio.xml
Tana (Asov);placeName;;;Tana (Asov)|Thanam;
Tanais;geogName;;;Thanais|Thanais;ELA_TEI/TESTI DEF/1. SINICA/ELA_2_2_benedictuspolonus_relatio.xml
Thartarorum Imperium;placeName;https://pleiades.stoa.org/places/897854;;Thartarorum|Imperium Thartarorum|Tartarie|Tartarie|imperii Tartarorum|Tartaria|imperia Tartarorum|imperio Tartarorum;ELA_TEI/TESTI DEF/3. JAP/ELA_2_2_catalogo_para_claudio_aqua_viva_1588.xml
Thaurisium;placeName;;;Thauris|Thauris!Taurisium,  Tauris, Taurinum, Tabriz;ELA_TEI/TESTI DEF/1. SINICA/ELA_2_2_ibanez_brevis_relatio.xml
Thoris;placeName;;;Thoris|Thoris;ELA_TEI/TESTI DEF/4. PRIMARY/ELA_2_2_valignanus_epistula_de_martirio.xml
Tigris;geogName;https://pleiades.stoa.org/places/912964;;Tigris|Tigris;ELA_TEI/TESTI DEF/4. PRIMARY/ELA_2_2_valignanus_epistula_de_martirio.xml
Tokitsu;placeName;;;Toquiççuquensem|Tokitsu;ELA_TEI/TESTI DEF/4. PRIMARY/ELA_2_2_valignanus_epistula_de_martirio.xml
Torres Vedras;placeName;;;Torres Vedras|Torres Vedras;ELA_TEI/TESTI DEF/3. JAP/ELA_2_2_primus_catalogus_jap_1654.xml
Trapesunda;placeName;;;Trapesunda|Trapesunda;ELA_TEI/TESTI DEF/3. JAP/ELA_2_2_primus_catalogus_jap_1654.xml
Tsukumi;placeName;;;Tsukumi|Zucumi;ELA_TEI/TESTI DEF/1. SINICA/ELA_2_2_paschalisdavictoria_epistola.xml|ELA_TEI/TESTI DEF/1. SINICA/ELA_2_2_iohannesdemontecorvino_epistula3.xml
Tsunokuni;placeName;;;Tsunokuni|Zunocuni;ELA_TEI/TESTI DEF/1. SINICA/ELA_2_2_paschalisdavictoria_epistola.xml
Tunocain;placeName;;;Tunocain|Tunocain;ELA_TEI/TESTI DEF/1. SINICA/ELA_2_2_paschalisdavictoria_epistola.xml
Turkya;placeName;https://www.geonames.org/298795/;;Turcia|Turkyam|Turkya|Turquiam|Turkya|Turchia|Turcia|Turquiam|Turkya;
Ulysippone;placeName;;;Ulysipponensis|UlysippoUlponensisnensis;
Ural;geogName;;;Iarach|Iarach;ELA_TEI/TESTI DEF/5. altri_archivi/UNIVE_3_1_polus_milione.xml
Urbevetanus;placeName;;;Urbevetanus|Urbevetanus;
Urgandj;placeName;;;Urganth|Urganthum|Urgandj;ELA_TEI/TESTI DEF/3. JAP/ELA_2_2_valignanus_catalogus_159301.xml
Usuqui;placeName;;;Usuqui;ELA_TEI/TESTI DEF/3. JAP/ELA_2_2_catalogo_para_claudio_aqua_viva_1588.xml
Vasora;placeName;;;Vasora;ELA_TEI/TESTI DEF/3. JAP/ELA_2_2_catalogo_para_claudio_aqua_viva_1588.xml
Vatuk mare;geogName;;;Vatuk|Vatuk;ELA_TEI/confucioferrero.xml
Venetiae;placeName;https://pleiades.stoa.org/places/818739154;;Venetiae|Venetiis|Veneciarum civis|Veneciarum civis|Veneciarum civis;ELA_TEI/TESTI DEF/3. JAP/ELA_2_0_de_ledesma_catalogus_16190220.xml
Volga;geogName;https://pleiades.stoa.org/places/834296;;Volga|Volga;ELA_TEI/TESTI DEF/3. JAP/ELA_2_2_catalogus_provinciae_philippinarum_16180720.xml
Voyano;placeName;;;Voyano|Voyanensi|Seminarium Voyanense;ELA_TEI/TESTI DEF/3. JAP/ELA_2_2_catalogus_brevis_personarum_et_supplementu_1618.xml
Vozaca;placeName;;;Vozaca;ELA_TEI/TESTI DEF/1. SINICA/ELA_2_2_augustinusapaschali_epistola_16841215.xml
Wratislavia;placeName;https://pleiades.stoa.org/places/128475;;Wratislavia;ELA_TEI/TESTI DEF/3. JAP/ELA_2_2_valignanus_catalogus_159301.xml
Xanhai;placeName;;;Xanhai;
Xauchinum;placeName;;;Xauchinum|Xauchinum;ELA_TEI/TESTI DEF/3. JAP/ELA_2_2_primus_catalogus_jap_1654.xml
Ximum;placeName;;;Ximum|Ximovarensis Residentia;ELA_TEI/TESTI DEF/1. SINICA/ELA_2_2_augustinus_paschalis_responsum_1689113030.xml
Yamaguchi;placeName;;;Yamagucci|Yamaguchi|Yamanguchi|Yamanguchensi;ELA_TEI/TESTI DEF/5. altri_archivi/UNIVE_3_1_polus_milione.xml
Yamashiro;placeName;;;Yamashiro|regno Yamaxiro;ELA_TEI/TESTI DEF/3. JAP/ELA_2_2_catalogo_para_claudio_aqua_viva_1588.xml
Yanghikend;placeName;;;Yanghikend|Iankynt;
Yú;placeName;;;Yú;ELA_TEI/TESTI DEF/3. JAP/ELA_2_2_catalogo_para_claudio_aqua_viva_1588.xml
Yunnan;placeName;;;Iunnan|Yunnan;ELA_TEI/confucioferrero.xml
